"","ID","Term_Description","Fold_Enrichment","occurrence","support","lowest_p","highest_p","Up_regulated","Down_regulated"
"1","GO:0051056","regulation of small GTPase mediated signal transduction",4.54359669604077,10,0.045,2.30774045012187e-15,2.29532975818562e-08,"ABR, ARHGAP6, MYO9A, MYO9B, TRIO, ARHGAP29, ARHGEF10, AKAP13, SWAP70, ARHGAP26, DNMBP, ARHGEF12, SRGAP2, ARHGEF3, ARHGEF10L, PLEKHG1, ARHGAP21, FGD5, SPATA13","RASGRF2, ITSN1, KALRN, ARHGAP32, SRGAP3, FAM13A, NET1, DLC1, ARHGAP31, ARHGAP20, ARHGEF28, PREX2, FGD4"
"2","GO:0006468","protein phosphorylation",2.49164980105462,10,0.075,2.38323915564592e-15,4.56933357692294e-10,"ADAM10, APP, ATM, CDK6, FER, CDK17, PRKCA, PRKCE, PRKG1, MAPK1, MAPK6, EIF2AK2, SRPK2, STK3, DCLK1, RPS6KA5, CDC42BPB, PPP4R1, AKT3, STK38, AAK1, MAST2, TAOK3, BIRC6, LRRK2","INSR, IRAK2, LIPE, MAP3K5, MYLK, PRKACA, PRKCH, PKN2, MAPK10, MAP2K1, YWHAZ, MAP4K3, KALRN, MAPKAPK2, ROCK2, HIPK3, STK38L, SIK2, DAPK2, SGK3, HIPK2, SNRK, FNIP2"
"3","GO:0046777","protein autophosphorylation",2.20389133218282,10,0.075,1.00335741111859e-11,1.01597694612707e-09,"ABL1, ATM, EGFR, FER, FGFR1, GRK5, IGF1R, DDR2, PDGFRA, PDGFRB, PRKD1, EIF2AK2, PTK2, EEF2K, TAOK3, LRRK2","INSR, NTRK2, TYRO3, SIK2, DAPK2"
"4","GO:0018108","peptidyl-tyrosine phosphorylation",3.62067861715749,10,0.0775,5.30939013941622e-11,1.13963912684701e-07,"ABL1, EGFR, EFEMP1, FER, FGFR1, FYN, DDR2, PDGFRA, PDGFRB, PTK2, ABI2","INSR"
"5","GO:0008360","regulation of cell shape",4.24826291079812,10,0.11,5.10750902441423e-10,1.56552951479767e-08,"DIAPH1, LPAR1, FYN, PTK2, TPM1, EZR, LIMD1, EPB41L3, DNMBP, FGD5, FAM171A1","ANXA1, CRK, DLG1, VEGFA, DLC1, WASF3, CDC42EP4, SH3KBP1, F11R, FGD4, SYNE3"
"6","GO:0030335","positive regulation of cell migration",2.70016710432084,10,0.1525,2.15975839034516e-09,3.11363014580133e-08,"ACTG1, ADAM10, ATM, COL1A1, EGFR, FER, IGF1R, NEDD9, ROR2, PDGFRA, PDGFRB, PPP3CA, PRKCA, PTK2, TGFBR1, RUFY3, SYNE2, MYADM","AKT2, CAV1, F3, INSR, ITGB1, MYLK, MYO1C, TWIST1, VEGFA, FZD4, ROCK2, FERMT2, DAAM2, TWIST2, SH3RF2"
"7","GO:0051897","positive regulation of phosphatidylinositol 3-kinase/protein kinase B signal transduction",2.46992029697565,10,0.12,1.01130811334489e-08,3.03429787553032e-07,"DCN, EGFR, FGFR1, FN1, IGF1R, NEDD4, PDGFRA, PDGFRB, PRKD1, PTK2, PTPRJ, TGFBR1","ANGPT1, AKR1C2, FGF2, INSR, ITGB1, NTRK2, TCF7L2, ITGB1BP1, FERMT2, RTN4"
"8","GO:1902895","positive regulation of miRNA transcription",3.10343881470642,10,0.045,1.95431612962599e-08,1.04448713495258e-06,"EGFR, EGR1, FOS, SMAD3, KLF4","FOXO3, NR3C1, PPARG, TEAD1"
"9","GO:0034614","cellular response to reactive oxygen species",3.79309188464118,10,0.1225,2.24866039770668e-08,9.42239976673032e-06,"ATM, EGFR, FER, FOS, PDGFRA, MAPK1, PXN, TPM1, LRRK2","MAPT, PEX14"
"10","GO:0032869","cellular response to insulin stimulus",3.68650913746944,10,0.015,9.38902386972252e-08,1.03453354122052e-07,"PIK3R1, DENND4C","AKT2, FOXO1, GPLD1, INSR, PCK1, PDE3B, PPARG, IRS2, ADIPOQ, TBC1D4, SORBS1, SLC25A33"
"11","GO:0033539","fatty acid beta-oxidation using acyl-CoA dehydrogenase",7.24135723431498,10,0.015,1.13103433029316e-07,0.000856896068748816,"","ACADL, ACADM, ACADVL, ETFA, ETFDH"
"12","GO:0006355","regulation of DNA-templated transcription",1.89188612428049,10,0.06,2.87733096735082e-07,6.34974017595931e-06,"ABL1, AHR, ZFHX3, ATRX, BACH1, BPTF, EFEMP1, FUS, GLI2, GLI3, SMAD3, RORA, TGFBR1, RPS6KA5, SOX13, ERC1","CEBPB, ATF2, ESR2, ESRRG, NR3C1, INSR, RREB1, SMARCA2, SP1, PPARGC1A, ATF7, JADE1, PPARGC1B"
"13","GO:0006635","fatty acid beta-oxidation",5.3639683217148,10,0.0425,3.23601507923943e-07,5.60461777232186e-05,"","ACADM, ABCD2, DECR1, EHHADH, HADHA, HADHB, HADH, SCP2, ADIPOQ, ACAD10"
"14","GO:0008286","insulin receptor signaling pathway",4.82757148954332,10,0.025,3.32504953207127e-07,0.000791006517740153,"FER, IGF1R","AKT2, CAV2, FOXO1, GPLD1, INSR, PDK4, BCAR3, IRS2, NAMPT, SORBS1"
"15","GO:0001934","positive regulation of protein phosphorylation",2.08551088348271,10,0.035,4.05058142703868e-07,0.000202728335837315,"ABL1, APP, C3, CCND2, EGFR, PTK2, SLCO3A1, FAM20A, ITLN1, WDFY2, LRRK2","ANGPT1, HSP90AA1, INSR, NTRK2, VEGFA, ADIPOQ, ROCK2"
"16","GO:0034446","substrate adhesion-dependent cell spreading",5.13902771467515,10,0.025,8.10447272506845e-07,0.00391992521291105,"FER, FN1, ITGAV, LAMC1, PIK3R1, SRGAP2, RADIL, ANTXR1","TYRO3, FERMT2, PARVA"
"17","GO:0018105","peptidyl-serine phosphorylation",2.74988249404366,10,0.03,9.43043327404193e-07,0.00169290972668203,"ATM, PRKCA, PRKCE, PRKD1, MAPK1, RPS6KA3, SRPK2, TGFBR1, LRRK2","PCK1, PRKACA, MAPKAPK2, ROCK2, HIPK3, HIPK2"
"18","GO:0032922","circadian regulation of gene expression",3.49582763035896,10,0.02,2.63016016708772e-06,0.000205853810408946,"AHR, ZFHX3, EGR1, KMT2A, NPAS2, RORA, NCOA2","CRY2, PPARA, NRIP1, NAMPT, PPARGC1A, MYCBP2, LGR4"
"19","GO:0016477","cell migration",2.68630994176201,10,0.09,2.93078827532213e-06,7.22643097548236e-05,"CD44, COL5A1, FGFR1, IGFBP6, ITGAV, LAMC1, PTK2, PXN, IQGAP1, LIMD1, CDC42BPB, ABI2, ASAP3, SPATA13","ITGB1, PIK3CB, PTEN, PTPRF, ITGB1BP1, USP33, SH3KBP1, LIMA1, ADAMTS12"
"20","GO:0072659","protein localization to plasma membrane",3.21838099302888,10,0.02,3.8528140828282e-06,0.00204384940131838,"ANK2, RAP1A, S100A10, EZR, KCNB2, EPB41L3, DENND4C, PACS1, TTC7A","ATP1B3, DLG1, FGF13, SPTBN1, ITGB1BP1, ADIPOQ, ROCK2, RAPGEF2, TSPAN15, F11R, MRAP, SMURF1, SPTBN4, TSPAN14, TTC7B"
"21","GO:1902894","negative regulation of miRNA transcription",5.03746590213216,10,0.05,5.18793172196216e-06,2.44536945681815e-05,"SMAD3, NCOR2","ESR1, NFIB, PPARA, PPARG, REST, TWIST1"
"22","GO:0007010","cytoskeleton organization",3.01723218096458,10,0.045,6.35867922812802e-06,0.000379457856012465,"DST, CAPZB, DIAPH1, DPYSL2, TPM1, LIMD1, CDC42BPB, ABI2, SIPA1L3, FGD5","WASF3, SH3KBP1, LARP4, FGD4, SYNE3"
"23","GO:1903078","positive regulation of protein localization to plasma membrane",3.46325780771586,10,0.05,9.52245476559316e-06,0.00165766754828845,"ATP2B4, EGFR, LRP1, PIK3R1, PRKCE, PTPN9","DLG1, ITGB1, PRKCH, SPTBN1, SORBS1"
"24","GO:0060395","SMAD protein signal transduction",4.13791841960856,3,0.01,9.6879760592457e-06,0.0432271188245099,"FOS, SMAD3, ZMIZ1","MAGI2, RBPMS, HIPK2"
"25","GO:0006357","regulation of transcription by RNA polymerase II",1.41678728497467,10,0.03,9.89657212917953e-06,0.000156492881373859,"AHR, ANXA4, ATP2B4, ELF2, BPTF, FOS, FUS, RBPJ, SMAD3, NFKB1, RFX2","CEBPB, ATF2, CRK, FOXO3, PPARG, SOS1, TCF7L2"
"26","GO:0010863","positive regulation of phospholipase C activity",7.24135723431498,10,0.055,1.00230570067904e-05,2.13615587929315e-05,"FGFR1, PDGFRA, PDGFRB","ESR1"
"27","GO:0060396","growth hormone receptor signaling pathway",7.24135723431498,10,0.035,1.00230570067904e-05,8.5854897171687e-05,"PIK3R1, PTK2, PXN","GHR"
"28","GO:0043547","positive regulation of GTPase activity",2.70556204359021,10,0.025,1.00741425717896e-05,0.000167138917830831,"NF1, RAP1A, S100A10, EVI5, DOCK9, SRGAP2, ASAP3","CAV2, ITGB1, LIMS1, BCAR3, ARHGEF7, RAPGEF2, USP6NL, NET1, FERMT2, DOCK11"
"29","GO:0007185","cell surface receptor protein tyrosine phosphatase signaling pathway",11.586171574904,10,0.0375,1.13064701535309e-05,0.00728709082375173,"PTPRD, TRIO","PTPRF, FRS2"
"30","GO:0006511","ubiquitin-dependent protein catabolic process",1.53069339912349,10,0.01,1.38236532827857e-05,0.00402572263369676,"NEDD4, RNF213, SMURF2, SPSB1, SPSB4","USP33, NEDD4L, ARIH1, RNF125, NPLOC4, SMURF1, UBR3, RNF217"
"31","GO:0007155","cell adhesion",2.12413145539906,10,0.02,1.63730597459262e-05,0.0123231376666283,"CD44, COL5A1, CTNNB1, ITGA9, ITGAV, LAMC1, DDR2, ROBO1, TNXB, PPFIBP1, PLXNC1, ITGA11, CLSTN1, SPECC1L, CDON","ITGB1, PTPRF, PXDN, AOC3, MAGI1, CD96, FERMT2"
"32","GO:0042060","wound healing",5.47994601515728,10,0.01,1.84987416910444e-05,0.000911909349329168,"COL3A1, SMAD3, NF1, PDGFRA, PPP3CA, TGFBR1, TPM1, DCBLD2","FGF2, FGF10, CFLAR, TSKU, EPB41L4B, MIA3"
"33","GO:0042059","negative regulation of epidermal growth factor receptor signaling pathway",7.24135723431498,10,0.0275,2.16917881436449e-05,0.000595292460867033,"EGFR, PTPRJ, MVP, RNF115","ITGA1, PTPN3, DAB2IP"
"34","GO:0043491","phosphatidylinositol 3-kinase/protein kinase B signal transduction",2.53447503201024,10,0.015,2.62346413388655e-05,2.81907398983022e-05,"NF1, PIK3R1, SETX","PIK3CB, PTEN, TYRO3, GAB2"
"35","GO:0035987","endodermal cell differentiation",3.75477782520036,10,0.015,3.89956996031911e-05,0.00572585739485571,"COL6A1, COL12A1, FN1, ITGAV, MMP2","COL4A2, ITGA7"
"36","GO:0006974","DNA damage response",1.50046140891211,10,0.025,4.83375897052602e-05,0.00221280756340499,"ABL1, ATM, MCL1, NEDD4, NPAS2, SETX, SMC5, WAC, TAOK3, SETD7","BCL2, BCL6, ATF2, FOXO1, MAPT, UBE2E2, MAPKAPK2, YAP1, UBR5, POLK, MACROD2, SHPRH, ACER2"
"37","GO:0051091","positive regulation of DNA-binding transcription factor activity",1.99761578877655,10,0.035,5.10922865089763e-05,0.000226398698229601,"DDR2, STK3, HDAC4","ATF2, ESR1, ESR2, PPARG, PTEN, FZD4, PPARGC1A, HIPK2, ARID5B"
"38","GO:0030036","actin cytoskeleton organization",2.94364115216056,10,0.0325,5.47366314150217e-05,0.00106125555669744,"ABL1, DIAPH1, CTTN, FER, FGF7, NF1, PRKG1, TNXB, EZR, PDLIM1, CDC42BPB, ELMO1, AUTS2, ANTXR1, FGD5","ANXA1, CRK, FGF10, SPTBN1, ROCK2, DLC1, MRAS, SIPA1L1, SPIRE1, FGD4"
"39","GO:0007229","integrin-mediated signaling pathway",3.68650913746944,10,0.0425,5.63068619540284e-05,8.10175514285133e-05,"ABL1, COL3A1, DOCK1, FBLN1, FN1, ITGAV, PRKD1, PTK2, PTPRA, ITGA11","ITGB1, NRP1, ITGB1BP1, FERMT2"
"40","GO:0006898","receptor-mediated endocytosis",3.15986497497381,10,0.005,5.63068619540284e-05,0.00580109519748044,"DNM1, CTTN, HSPG2, IGF2R, LRP1, PDLIM7, TMEM108","CD36, INSR, SORL1, PICALM, LRP1B"
"41","GO:0019221","cytokine-mediated signaling pathway",1.77339360840367,8,0.005,5.93860435222075e-05,6.92515941377461e-05,"FER, IL6ST, PIK3R1, PTPRJ","PRKACA, SOS1"
"42","GO:0030199","collagen fibril organization",4.49463552474723,4,0.005,6.47452239581703e-05,0.014185463960439,"COL1A1, COL1A2, COL3A1, COL5A1, NF1, DDR2, TGFBR1, ADAMTS2","PXDN"
"43","GO:0035556","intracellular signal transduction",2.64211682873655,10,0.01,7.69688352468957e-05,0.00998224906357671,"FER, FYN, MAP3K4, PRKD1, SRPK2, STK3, TGFBR1, RPS6KA5, NOD1, STK38, PLCE1, LRRK2","ADRA1A, CSPG4, PLCL1, PRKAR2A, PRKAR2B, ANP32A, MAP4K3, KALRN, ITGB1BP1, RAPGEF2, STK38L, SIK2, DAPK2, PRKAG2, DAB2IP"
"44","GO:1903243","negative regulation of cardiac muscle hypertrophy in response to stress",8.27583683921712,10,0.015,7.85195942345804e-05,0.0152652198231768,"ATP2B4, LMNA","FOXO1, PPARG"
"45","GO:0048870","cell motility",7.24135723431498,9,0.015,9.13266186584931e-05,0.00571178388161542,"ACTB, DST, CD34, CTTN, PTK2, TGFBR1, IER2, ELMO1","ENPP2"
"46","GO:0007179","transforming growth factor beta receptor signaling pathway",2.89654289372599,10,0.0175,9.18580705806872e-05,0.0147252134802343,"COL1A2, COL3A1, FOS, SMAD3, PTK2, PXN, TGFBR1, TGFBR2, APPL2, ZMIZ1","ITGB1, USP9Y, FERMT2"
"47","GO:2000811","negative regulation of anoikis",6.33618758002561,10,0.02,9.69986885389702e-05,0.0467895834228878,"MCL1, PTK2","BCL2, CAV1, ITGB1, PDK4, TLE1"
"48","GO:0045599","negative regulation of fat cell differentiation",3.94983121871726,10,0.01,0.000101495332010108,0.00875382743470673,"ZFP36L2, RUNX1T1, SMAD3, RORA, TRIO","FOXO1, ADIPOQ, YAP1, FERMT2"
"49","GO:0007030","Golgi organization",2.34279204639602,7,0.01,0.000104341514190713,0.00594648436010893,"PRKD1, SYNE1, ARHGAP21, LRRK2, VPS13B","GOLGB1, RAB2A, ARHGEF7, USP6NL, NPLOC4, ATL2"
"50","GO:0007163","establishment or maintenance of cell polarity",5.11154628304587,8,0.005,0.000122072467087564,0.0371974612502641,"ACTB, CDC42BPB, PARD3","DLG1, CAP2, PARVA"
"51","GO:1900026","positive regulation of substrate adhesion-dependent cell spreading",5.31032863849765,10,0.015,0.000122372837154252,0.000140914476122831,"ABL1, DOCK1, NEDD9, S100A10, TRIOBP, MYADM","CRK, LIMS1, RREB1, NRP1, FERMT2"
"52","GO:0045429","positive regulation of nitric oxide biosynthetic process",5.01324731606422,10,0.01,0.000133891882077922,0.000142149914880815,"SMAD3, PKD2, KLF4, KLF2","ASS1, CD36, HSP90AA1, INSR, PIK3CB"
"53","GO:0051092","positive regulation of NF-kappaB transcription factor activity",1.40155301309322,8,0.005,0.000155346764176348,0.0154499665779773,"EDA, FER, ROR1, PRKD1, EIF2AK2, RPS6KA5, NOD1, ERC1, SLCO3A1","IRAK2, PRKCH, CFLAR"
"54","GO:0010763","positive regulation of fibroblast migration",7.24135723431498,10,0.0125,0.000179347427868365,0.0262927914334801,"DDR2, PRKCE, PTK2","ITGB1"
"55","GO:0043536","positive regulation of blood vessel endothelial cell migration",3.62067861715749,10,0.005,0.000183756689597485,0.000495348611450558,"FGFR1, PRKCA, PRKD1, TMSB4X, AKT3","ANGPT1, FGF2, SP1, STAT5A, VEGFA"
"56","GO:0031396","regulation of protein ubiquitination",5.26644162495635,10,0.025,0.000188546365417984,0.0133129309112609,"CTNNB1, TGFBR1","HSP90AA1, UBQLN1"
"57","GO:0000165","MAPK cascade",3.30307522968754,10,0.0175,0.000235861694281595,0.000253284813911823,"FGFR1, MBP, MAP3K4, NF1, SETX, TAOK3, LRRK2","DUSP6, FGF13, MAP3K5, PTPN3, PABPN1, MAPKAPK2"
"58","GO:0051496","positive regulation of stress fiber assembly",4.59208019737048,10,0.0175,0.00026667970499212,0.00859340327236883,"ABL1, LPAR1, PXN, S100A10, TGFBR1, TPM1, ARHGEF10, EVL, ARHGEF10L","NRP1, ITGB1BP1, ROCK2, FERMT2"
"59","GO:0030336","negative regulation of cell migration",2.99642368316482,10,0.01,0.00027237408770504,0.00821952629668358,"JAG1, LDLRAD4, DPYSL3, IGFBP5, NEDD9, NF1, PTPRJ, ROBO1, TGFBR1, TPM1, RECK, SLIT2, SULF1, CLIC4, EMILIN2, PODN","FOXO3, PTEN, ADIPOQ, MAGI2, DLC1, ZMYND8, SCAI, MIA3"
"60","GO:0048010","vascular endothelial growth factor receptor signaling pathway",5.26644162495635,10,0.015,0.000276136425609592,0.000634728662587245,"AXL, FYN, PRKD1, PTK2, SULF1","VEGFA, NRP1, MAPKAPK2"
"61","GO:0030032","lamellipodium assembly",3.94983121871726,10,0.01,0.000276136425609592,0.0299256618868679,"ABLIM1, CYFIP1, SPATA13","ITGB1, ARHGEF7, ARHGEF6"
"62","GO:0010506","regulation of autophagy",3.92240183525395,10,0.0175,0.000289527507189952,0.0154730540515031,"ABL1, ATM, IFI16, PIP4K2A, DRAM1, LRRK2","ITPR1, MAPT, UVRAG, USP33, DAPK2, DRAM2, ACER2"
"63","GO:0010629","negative regulation of gene expression",1.7379257362356,10,0.045,0.000291433225982427,0.00113530727582612,"ADAM10, APP, ATP2B4, CD34, DNMT1, LRP1, SMAD3, NFKB1, ROBO1, KLF4, PARP14, MYADM","ESR1, MAPT, CD46, PC, PPARG, REST, VEGFA, PICALM, ROCK2, YAP1, SLC24A3, CCDC3"
"64","GO:0033627","cell adhesion mediated by integrin",5.1723980245107,10,0.01,0.000301154271642546,0.0332729884731749,"FBN1, ITGAV, ITGA11, EMILIN2","ITGB1"
"65","GO:0010718","positive regulation of epithelial to mesenchymal transition",3.1484161888326,10,0.035,0.000309905318504918,0.00206220106071269,"COL1A1, CTNNB1, SMAD3, PTK2, TGFBR1, TGFBR2, GLIPR2","TCF7L2, TWIST1, FERMT2"
"66","GO:0001525","angiogenesis",2.35344110115237,6,0.0075,0.000310331578479062,0.0318025402096925,"ACTG1, RBPJ, ITGAV, PTK2, RORA, SRPK2, RNF213","MCAM, SAT1, VEGFA, PXDN, NRP1, CALCRL"
"67","GO:0071456","cellular response to hypoxia",2.70344003414426,5,0.005,0.000327906031018824,0.0218445870926458,"KCND2, LMNA, PTGIS, RORA, NDRG1","AK4, BNIP3L, PPARG, TWIST1, VEGFA, HIPK2, HILPDA, UBQLN1, MALAT1"
"68","GO:0045444","fat cell differentiation",2.96237341403795,10,0.005,0.000332351065704643,0.00152472604401875,"NR4A1, KLF4, ZFPM2, BBS9, PID1","AKT2, FOXO1, SMAD6, TCF7L2"
"69","GO:1901016","regulation of potassium ion transmembrane transporter activity",7.24135723431498,10,0.02,0.000341627641310678,0.00351297193364703,"NEDD4","FHL1, NEDD4L"
"70","GO:0035329","hippo signaling",4.52584827144686,10,0.0075,0.000357426442910641,0.0467895834228878,"STK3, FAT4","TEAD1, YAP1, SAV1"
"71","GO:0072584","caveolin-mediated endocytosis",8.68962868117798,10,0.015,0.000394953857795629,0.00795212030580287,"MAPK1, PACSIN2","CAV1"
"72","GO:0071276","cellular response to cadmium ion",2.17240717029449,3,0.01,0.000404735118514255,0.0439405383472275,"EGFR, FOS, MAPK1",""
"73","GO:0070371","ERK1 and ERK2 cascade",4.13791841960856,3,0.005,0.00049911855175941,0.00053953812711186,"ZFP36L2, ITGAV, MAPK1","DUSP6, FGF10, MAP2K1"
"74","GO:0071560","cellular response to transforming growth factor beta stimulus",3.94983121871726,10,0.01,0.000502403131931116,0.000598177445508113,"ZFP36L2, SMAD3, TGFBR1, WWOX","NR3C1, LIMS1, PDE3A, SOX5, SOX6"
"75","GO:0043410","positive regulation of MAPK cascade",2.36736678814144,3,0.005,0.000502894190146783,0.0295646444152229,"LPAR1, FGFR1, IGFBP6, EIF2AK2, PTPRJ, IQGAP1, KSR1","ADRA1A, CAV2, FGF2, FGF10, INSR, NTRK2, VEGFA, BCAR3, ROCK2, DAB2IP"
"76","GO:0034329","cell junction assembly",5.43101792573624,2,0.005,0.000542709369552484,0.00116124108718469,"MYO9A, OPHN1, VMP1",""
"77","GO:0006171","cAMP biosynthetic process",6.43676198605776,3,0.005,0.000597843565503008,0.00329610936005265,"ADCY3, ADCY9","ADCY5, ADCY6"
"78","GO:0048312","intracellular distribution of mitochondria",8.68962868117798,10,0.015,0.000743992994299046,0.000817026581530617,"LRRK2","MAPT, CLUH"
"79","GO:0070936","protein K48-linked ubiquitination",1.24137552588257,10,0.005,0.00077265501025669,0.0307717080710646,"RNF115","UBE2E2, UBE2H, MYCBP2, NEDD4L, UBR5"
"80","GO:0006897","endocytosis",4.04168775868743,10,0.0275,0.00080087445309643,0.00514875155409337,"APP, DNM1, DPYSL2, MYO1E, EEA1, DENND1A, LRRK2, SCARA5","SORT1, PICALM, TBC1D2B, HOOK2"
"81","GO:0031032","actomyosin structure organization",6.03446436192915,7,0.01,0.00108868321741916,0.00479697101462432,"CDC42BPB","MYH10, F11R, EPB41L4B, MYH14"
"82","GO:0038096","Fc-gamma receptor signaling pathway involved in phagocytosis",3.04899251971157,10,0.01,0.00128951525857926,0.0147277744350362,"ABL1, FYN, PRKCE, PTK2",""
"83","GO:0009410","response to xenobiotic stimulus",3.38957147138148,10,0.005,0.00133836878614388,0.0327419878782337,"AHR, CTNNB1, ABCC1, NPAS2, TGFBR2, SEMA3C","ADRA1A, ABCC6, BCL2, PTPRM, BCAR3"
"84","GO:2000641","regulation of early endosome to late endosome transport",4.13791841960856,10,0.005,0.00137785108983572,0.0041970831690132,"MAPK1","MAP2K1"
"85","GO:0043406","positive regulation of MAP kinase activity",2.27179834802039,10,0.02,0.00143144273988946,0.0100414331594783,"EGFR, FGFR1, PDGFRB, ROBO1, LRRK2","FGF2, GHR, INSR"
"86","GO:0048041","focal adhesion assembly",3.62067861715749,10,0.01,0.0014370474603239,0.00160796406206007,"CTTN","ACTN1, DLC1, SORBS1, FERMT2"
"87","GO:0051894","positive regulation of focal adhesion assembly",5.33573690949525,7,0.005,0.00148755333641748,0.0283012587419249,"ABL1, PTPRJ, S100A10","LIMS1, VEGFA, NRP1, FERMT2"
"88","GO:0045198","establishment of epithelial cell apical/basal polarity",4.34481434058899,5,0.005,0.00161045485998286,0.0137189450829033,"MYO9A, OPHN1, EZR",""
"89","GO:0010592","positive regulation of lamellipodium assembly",3.1484161888326,5,0.005,0.0016400123031351,0.0360558844928288,"PIK3R1, ABI2, CYFIP1, AUTS2, PLCE1",""
"90","GO:0043525","positive regulation of neuron apoptotic process",2.41378574477166,10,0.005,0.00168869557984036,0.00644170671715325,"CTNNB1, NF1, SRPK2","FOXO3"
"91","GO:0048812","neuron projection morphogenesis",3.37930004268032,3,0.005,0.00171205962407304,0.0169063529428511,"CTTN, TRIO, EPB41L3, SRGAP2, LRRK2","ATP9A, DAB2IP"
"92","GO:2000810","regulation of bicellular tight junction assembly",8.27583683921712,10,0.01,0.00172731882839973,0.0258430479641736,"","MYO1C, PRKACA, PRKCH, F11R"
"93","GO:0031175","neuron projection development",2.57911353550945,3,0.005,0.00179792243296151,0.0422357246100511,"APP, MAP1B, NEDD4, OPHN1, RAB6A, NLGN1, ATXN10, TMEM108, CNTN4, VPS13B","MAPT, PTPRM, RAPGEF2"
"94","GO:0035924","cellular response to vascular endothelial growth factor stimulus",4.29117465737184,9,0.005,0.00183124445561439,0.0279886184519148,"NR4A1, PRKD1","ANXA1, VEGFA, NRP1, MAPKAPK2, ITGB1BP1, DAB2IP"
"95","GO:0046326","positive regulation of glucose import",4.22412505335041,10,0.005,0.00205994265440916,0.00644170671715325,"PIK3R1, ITLN1","AKT2, INSR, IRS2, ADIPOQ, SORBS1"
"96","GO:0031116","positive regulation of microtubule polymerization",1.97491560935863,9,0.005,0.00241588789281376,0.00284226208643043,"CLIP1","MAPT, AKAP9"
"97","GO:0034063","stress granule assembly",2.63322081247817,9,0.01,0.00241588789281376,0.00284226208643043,"BICD1, DYNC1H1, PRRC2C","MAPT"
"98","GO:0070585","protein localization to mitochondrion",3.62067861715749,1,0.005,0.00246945743396872,0.00246945743396872,"LRRK2","MTCH2"
"99","GO:0070374","positive regulation of ERK1 and ERK2 cascade",1.88904971329956,10,0.025,0.0025592477697352,0.0227779437087317,"APP, CD44, EGFR, PDGFRA, PDGFRB, PRKCA, RAP1A, ACKR3, GLIPR2","ADRA1A, ANGPT1, CD36, FGF2, MAP2K1, NRP1, RAPGEF2, FERMT2, MTURN"
"100","GO:0071392","cellular response to estradiol stimulus",3.21838099302888,10,0.0175,0.00259526791160271,0.0164249005992471,"EGFR, NCOA3","ESR1, NRIP1"
"101","GO:1901203","positive regulation of extracellular matrix assembly",3.62067861715749,4,0.005,0.00261149256422334,0.00275885485352727,"SMAD3, TGFBR1",""
"102","GO:0022904","respiratory electron transport chain",7.24135723431498,8,0.005,0.00292365796522295,0.00315077319455556,"","ETFA, ETFDH, PPARGC1A"
"103","GO:0051726","regulation of cell cycle",1.59809263102124,10,0.015,0.00293626775331079,0.00547077034219855,"ABL1, ACTB, ATM, CDK6, GRK5, PKD2, TGFBR1","AKT2, MECOM, PRKACA, RHEB, HIPK2, MBTD1, TXLNG, JADE1, DAB2IP"
"104","GO:0060612","adipose tissue development",6.68432975475229,3,0.005,0.00305159709886057,0.0154881036170861,"VPS13B, SH3PXD2B","LRP5, NAMPT, PGRMC2, ARID5B"
"105","GO:0030512","negative regulation of transforming growth factor beta receptor signaling pathway",1.85675826520897,10,0.005,0.00307125369714597,0.0309046254168706,"LDLRAD4, SMURF2, HTRA3, SPRED1, SPRED2","CIDEA, SMAD6, PPARA, PPARG, SMURF1"
"106","GO:0071364","cellular response to epidermal growth factor stimulus",3.34216487737614,10,0.0175,0.00315225186156409,0.00901124007208875,"ZFP36L2, EEF1A1, EGFR, PTPN12, IQGAP1","DAB2IP"
"107","GO:0007611","learning or memory",2.89654289372599,10,0.0225,0.00322777589893492,0.0167528333099904,"APP, B2M, EGFR, NEDD9","MME, PTEN, PICALM"
"108","GO:0032872","regulation of stress-activated MAPK cascade",3.21838099302888,3,0.005,0.00329610936005265,0.00349318007025649,"MAPK1","MAP2K1"
"109","GO:0051973","positive regulation of telomerase activity",1.75548054165212,3,0.005,0.00334369442912138,0.00361294048563032,"MAP3K4, MAPK1, KLF4","HSP90AA1"
"110","GO:1904706","negative regulation of vascular associated smooth muscle cell proliferation",3.01723218096458,10,0.005,0.00368925462669662,0.00410778472441703,"PRKG1, TPM1","PPARG, PTEN, ADIPOQ"
"111","GO:1990000","amyloid fibril formation",3.47585147247119,10,0.015,0.00370784550293254,0.0100486344064077,"APP, B2M, FUS, GSN","CD36, MAPT"
"112","GO:0050847","progesterone receptor signaling pathway",6.43676198605776,10,0.02,0.00391048738663615,0.0335890834281842,"NEDD4, MAPK1, TRERF1","UBR5"
"113","GO:0006612","protein targeting to membrane",3.62067861715749,8,0.005,0.00393986029053427,0.0385874680001699,"SEC63, RABGEF1, PARD3","MYO1C"
"114","GO:0006338","chromatin remodeling",1.21703482929664,10,0.01,0.00413902420106267,0.0105051711775923,"ATRX, BPTF, HDAC4, WAC","REST, SMARCA2, MBD2, CECR2, PBRM1, ZNF827"
"115","GO:0097062","dendritic spine maintenance",5.43101792573624,10,0.0175,0.00414113831940534,0.0045467445971469,"FYN, IGF1R","INSR"
"116","GO:0007160","cell-matrix adhesion",3.21838099302888,2,0.005,0.00418271437541406,0.0343240237656168,"COL3A1, ITGAV, FBLN5, ITGA11","ECM2, ITGA1, ITGB1, ITGB1BP1, CD96, SORBS1, FERMT2, ADAMTS12"
"117","GO:0045722","positive regulation of gluconeogenesis",2.89654289372599,1,0.005,0.00443089379207632,0.00443089379207632,"","FOXO1, PPARGC1A"
"118","GO:0043507","positive regulation of JUN kinase activity",2.58619901225535,7,0.005,0.00443890371107248,0.00500727245370528,"MAP3K4, SASH1, TAOK3","MAP3K5, DAB2IP"
"119","GO:0070836","caveola assembly",8.68962868117798,10,0.0175,0.00451040574337934,0.0353469872949565,"PACSIN2","CAV1, CAV2"
"120","GO:0006734","NADH metabolic process",8.68962868117798,10,0.01,0.00451040574337934,0.0386704649674465,"","MDH1, ME1, PC"
"121","GO:0032092","positive regulation of protein binding",3.4482653496738,1,0.005,0.00456548585162879,0.00456548585162879,"ADD1, B2M, LRP1, STK3, LRRK2","EPB41, TCF7L2, RAPGEF2, USP33, HIPK2"
"122","GO:0006470","protein dephosphorylation",2.38323149483784,3,0.005,0.00466728862436024,0.00529323654203937,"PPP3CA, PTPN9, PTPN12, PTPRD","PPM1B, PPP2R3A, PPP2R5A, PPP6C, PTEN, PTPN3, PTPN14, PTPRM, PTPRS"
"123","GO:0048660","regulation of smooth muscle cell proliferation",6.20687762941284,9,0.005,0.00491262123318338,0.00549941572811836,"CTNNB1, ELN","TCF7L2"
"124","GO:0008380","RNA splicing",1.63514518194209,10,0.0075,0.00514080810150198,0.0185800430576044,"FUS, NOVA1, SRPK2","HNRNPC, MBNL1, SRSF4, PPARGC1A"
"125","GO:0032956","regulation of actin cytoskeleton organization",3.0720909478912,10,0.01,0.00526249945003611,0.0475784951570785,"ABL1, LRP1, NEDD9, PDGFRA, PDGFRB, RALA, EZR, CORO2B","CRK, ROCK2, DLC1, DAAM2, F11R, BCAS3"
"126","GO:0045725","positive regulation of glycogen biosynthetic process",4.45621983650153,10,0.005,0.0053942208138841,0.0492879751501892,"","AKT2, INSR, IRS2, SORBS1"
"127","GO:0045785","positive regulation of cell adhesion",3.25861075544174,7,0.005,0.00543716227970005,0.0452347534739133,"ZFHX3, ATM, ITGAV, PPP3CA, PRKCA, PTPRJ, TPM1","VEGFA, EPB41L4B"
"128","GO:1904646","cellular response to amyloid-beta",2.59946157129256,10,0.01,0.00563183833872429,0.0123255530645917,"APP, FYN, IGF1R, LRP1, ABCC1","CACNA2D1, CD36"
"129","GO:0042149","cellular response to glucose starvation",2.22810991825076,4,0.005,0.00563183833872429,0.0256423854811409,"IFI16","FOXO3, YWHAG, YWHAZ, SH3GLB1, CPEB4"
"130","GO:0120162","positive regulation of cold-induced thermogenesis",3.39900441610703,4,0.005,0.00634478490280808,0.0199385738986681,"DYNC1H1, GRB10, IGF1R, IL4R, APPL2, EBF2","ACADL, CAV1, CD36, CEBPB, DECR1, ESRRG, FABP4, ACSL1, HADH, VEGFA, ADIPOQ, PPARGC1A, LPIN1, G0S2, PDGFC, ADIPOR2, PPARGC1B"
"131","GO:0048009","insulin-like growth factor receptor signaling pathway",5.79308578745198,10,0.01,0.00690402894946791,0.0208496763841768,"IGF1R, PIK3R1, PLCB1","GHR"
"132","GO:0090263","positive regulation of canonical Wnt signaling pathway",2.18232683773876,8,0.0075,0.00692381927926375,0.0422357246100511,"COL1A1, EGFR, NFKB1, SMURF2, LRRK1, WLS, LRRK2","DAAM2, UBR5, LGR4, TBL1XR1"
"133","GO:0016601","Rac protein signal transduction",3.10343881470642,1,0.005,0.00695866088973155,0.00695866088973155,"ELMO1, ABI2, CYFIP1",""
"134","GO:0045071","negative regulation of viral genome replication",1.76618469129634,10,0.0125,0.00727065985099809,0.0459760055553209,"IFI16, EIF2AK2, SRPK2, ZC3HAV1","TNIP1"
"135","GO:0018107","peptidyl-threonine phosphorylation",2.75861227973904,7,0.01,0.00754381981959947,0.0289441340268361,"PRKCA, PRKD1, MAPK1, LRRK2","ATF2, ROCK2, HIPK3, HIPK2"
"136","GO:0030514","negative regulation of BMP signaling pathway",2.82589550607414,10,0.005,0.00754537627258941,0.0483011650424114,"SMURF2, HTRA3","SMAD6, PPARG, SORL1, HIPK2, CRIM1, SMURF1"
"137","GO:0016525","negative regulation of angiogenesis",2.8628621624036,9,0.005,0.007629866497026,0.0483012080302528,"ATP2B4, CTNNB1, DCN, HSPG2, THBS2, KLF4, SULF1, SPRED1","COL4A2, ATF2, GTF2I, PDE3B, PPARG, PTPRM, SPARC, ROCK2, DAB2IP"
"138","GO:0046847","filopodium assembly",4.52584827144686,5,0.005,0.00765876875362153,0.0156617910929721,"EZR, SRGAP2, FGD5, SPATA13","FGD4"
"139","GO:0030033","microvillus assembly",4.82757148954332,3,0.01,0.00766886781842674,0.0101888966049361,"RAP1A, RAP1B, EZR","RAPGEF2"
"140","GO:1903779","regulation of cardiac conduction",3.04899251971157,7,0.005,0.00829144838427312,0.0175263886584359,"ATP2B1, ATP2B4, TRPC1","PRKACA"
"141","GO:0051493","regulation of cytoskeleton organization",3.81124064963946,4,0.005,0.00829144838427312,0.035226221014228,"CAPN2, DIAPH1, MAPK1, PTK2","F11R"
"142","GO:0051017","actin filament bundle assembly",3.04899251971157,7,0.005,0.00829144838427312,0.0126608803566048,"ADD1, DPYSL3, EZR","LIMA1"
"143","GO:0007417","central nervous system development",2.51033717456253,5,0.005,0.00833162667714208,0.0493885579321176,"MBP, NPAS2, RPS6KA3, DCLK1, AHI1, VPS13B","BTD, JARID2, PTEN, SPTBN1, ZBTB16, SNTG2, PDGFC"
"144","GO:0048167","regulation of synaptic plasticity",2.48275105176514,7,0.005,0.00869038822302539,0.0111786011502694,"CNTN4","EIF4EBP2, MAPT, YWHAG, RAPGEF2, SIPA1L1"
"145","GO:0007156","homophilic cell adhesion via plasma membrane adhesion molecules",2.55577314152293,7,0.005,0.00876635169710933,0.00933128716539658,"ROBO1, DSCAML1, SDK1","ITGB1, PTPRM, TENM3"
"146","GO:1903038","negative regulation of leukocyte cell-cell adhesion",7.24135723431498,6,0.005,0.00898702642891116,0.0402299841604533,"","ASS1, PPARA, MIA3"
"147","GO:0001837","epithelial to mesenchymal transition",2.41378574477166,7,0.005,0.00900748305498539,0.0482101063353823,"CTNNB1, FGFR1, RBPJ, TGFBR1, TGFBR2","LIMS1, ROCK2"
"148","GO:0048143","astrocyte activation",4.82757148954332,10,0.01,0.00923750756947724,0.0162496164826355,"APP","IFNGR1, MAPT"
"149","GO:0006739","NADP metabolic process",9.65514297908664,8,0.005,0.00946225194319056,0.0402299841604533,"","FMO2, MDH1, ME1, PC"
"150","GO:0051491","positive regulation of filopodium assembly",4.60813642183681,2,0.0075,0.00952860865263914,0.0299256618868679,"DPYSL3, PALM, PIK3R1, RALA, NLGN1","NRP1, DOCK11"
"151","GO:0043087","regulation of GTPase activity",3.4482653496738,3,0.005,0.0097134690703979,0.0372517548483691,"NF1, PRKG1, PTK2, FGD5","CRK, NTRK2, ITGB1BP1, SIPA1L1, FGD4, DAB2IP"
"152","GO:0048008","platelet-derived growth factor receptor signaling pathway",6.68432975475229,10,0.01,0.00989503166509195,0.0286542144135004,"FER, PDGFRA, PDGFRB, PTPRJ","NRP1, PDGFC"
"153","GO:0061001","regulation of dendritic spine morphogenesis",3.40769752203058,3,0.005,0.00996829003469529,0.0371974612502641,"ABI2, TANC2, LRRK2","SIPA1L1"
"154","GO:0043065","positive regulation of apoptotic process",2.03981893924366,9,0.005,0.010109086590055,0.0467551669698889,"ABL1, ATM, CTNNB1, MCL1, NF1, RPS6, STK3, TSC22D1, SLIT2, ATG7, EMILIN2","BCL6, BNIP3L, DUSP6, FOXO1, FOXO3, GPLD1, ITGB1, MAP3K5, REST, CRADD, ARHGEF7, NET1, UNC13B, MTCH2, TNFAIP8, AIFM2, ACVR1C, DAB2IP, ANO6"
"155","GO:0098609","cell-cell adhesion",1.97491560935863,10,0.005,0.0104080880434496,0.0470254452408553,"CD34, CTNNB1, EGFR, VMP1","DLG1, F11R"
"156","GO:0007173","epidermal growth factor receptor signaling pathway",2.71550896286812,10,0.01,0.0109658481615582,0.0115900636310752,"EGFR, EFEMP1, IQGAP1, PLCE1","SOS1, BCAR3"
"157","GO:0038083","peptidyl-tyrosine autophosphorylation",3.34216487737614,10,0.0275,0.0110049086346774,0.0274525837009887,"ABL1, EGFR, IGF1R",""
"158","GO:0070372","regulation of ERK1 and ERK2 cascade",2.14558732868592,10,0.005,0.0110537042780155,0.012678354920122,"EGFR, FN1","YWHAZ, APIP"
"159","GO:0030224","monocyte differentiation",5.79308578745198,6,0.005,0.0111012324880822,0.0121043640522866,"IFI16","PPARG, VEGFA, PIR"
"160","GO:0048844","artery morphogenesis",5.57027479562691,2,0.005,0.0111497506755906,0.0111497506755906,"NF1, TGFBR1, TGFBR2","VEGFA, NRP1"
"161","GO:0033625","positive regulation of integrin activation",4.82757148954332,4,0.005,0.012185600443321,0.0131295848507492,"RAP1B","PIEZO1, FERMT2"
"162","GO:0044344","cellular response to fibroblast growth factor stimulus",4.82757148954332,7,0.005,0.0123899126464448,0.0135128139178426,"ZFP36L2, CD44, FGFR1, NR4A1, SETX","ITGB1BP1"
"163","GO:0043409","negative regulation of MAPK cascade",4.40778266436564,7,0.01,0.0125397814773779,0.039277491643932,"IGF1R, NF1, SPRED1, SPRED2","CAV1, DUSP6, PIK3CB"
"164","GO:0035335","peptidyl-tyrosine dephosphorylation",4.13791841960856,6,0.005,0.0127019399196445,0.0432271188245099,"PTPN9, PTPN12, PTPRJ","DUSP6, PTPRF, PTPRS"
"165","GO:0072015","podocyte development",9.65514297908664,5,0.005,0.0129631160419839,0.0402299841604533,"JAG1, MYO1E, IQGAP1","MAGI2"
"166","GO:0001938","positive regulation of endothelial cell proliferation",3.1484161888326,10,0.005,0.013030146346282,0.029401177336522,"NR4A1, PRKCA, PRKD1, TGFBR1, AKT3","F3, FGF2, STAT5A, VEGFA, NRP1"
"167","GO:0009267","cellular response to starvation",2.15700002724276,1,0.005,0.0131577010063458,0.0131577010063458,"ATG7, LRRK2","FOXO1, PDK4, PPARA, USP33, WIPI2"
"168","GO:0030330","DNA damage response, signal transduction by p53 class mediator",4.52584827144686,6,0.01,0.0135080181017382,0.0388533466833341,"ATRX, SP100, NDRG1","HIPK2, ACER2"
"169","GO:0010745","negative regulation of macrophage derived foam cell differentiation",8.68962868117798,10,0.005,0.0137189450829033,0.0148709359311436,"ITGAV","ABCA1, PPARA, PPARG, ADIPOQ, ABCA5"
"170","GO:0003184","pulmonary valve morphogenesis",4.25962190253822,1,0.005,0.0137452349322206,0.0137452349322206,"JAG1, ROBO1, SLIT2, ADAMTS5","SMAD6"
"171","GO:0002755","MyD88-dependent toll-like receptor signaling pathway",2.06895920980428,2,0.005,0.0141675526645735,0.0141675526645735,"","IRAK2, TNIP1"
"172","GO:0034394","protein localization to cell surface",4.22412505335041,3,0.005,0.0144331112620812,0.0149940978649563,"ANK2, CTNNB1, FGF7, FBLN5, GGA2","ANGPT1, FGF10"
"173","GO:0030011","maintenance of cell polarity",4.82757148954332,6,0.005,0.0145099428126225,0.0198743090169373,"DST, PDLIM1",""
"174","GO:0033138","positive regulation of peptidyl-serine phosphorylation",1.84885716620808,10,0.01,0.0145219188498829,0.0348969365218697,"APP, CD44, EGFR","CAV1, AKAP9, FNIP2"
"175","GO:0097242","amyloid-beta clearance",5.57027479562691,3,0.005,0.0147375938785609,0.0155363057365493,"C3, IGF1R, LRP1","INSR, MME"
"176","GO:0048701","embryonic cranial skeleton morphogenesis",5.79308578745198,10,0.01,0.0148709359311436,0.0440689822163233,"PDGFRA, TGFBR1, TGFBR2","TWIST1"
"177","GO:0032801","receptor catabolic process",5.79308578745198,9,0.005,0.0148709359311436,0.0180272301720463,"NEDD4","UVRAG, SH3GLB1, SMURF1"
"178","GO:0044331","cell-cell adhesion mediated by cadherin",6.20687762941284,10,0.01,0.0156684065549186,0.0325871513889811,"CTNND1, FER","PLEKHA7"
"179","GO:0043268","positive regulation of potassium ion transport",6.20687762941284,9,0.005,0.0156684065549186,0.0381617998565315,"ANK2","DLG1, FHL1"
"180","GO:0150093","amyloid-beta clearance by transcytosis",4.13791841960856,7,0.005,0.0156684065549186,0.0325871513889811,"LRP1","PICALM"
"181","GO:2000650","negative regulation of sodium ion transmembrane transporter activity",6.20687762941284,9,0.015,0.0156684065549186,0.0396476535253516,"NEDD4, PRKCE","NEDD4L"
"182","GO:0071385","cellular response to glucocorticoid stimulus",4.82757148954332,7,0.005,0.0161376184341548,0.0188265549898158,"ZFP36L2","ANXA1, NR3C1, REST"
"183","GO:0007015","actin filament organization",2.47265856781487,5,0.005,0.0164688168886172,0.0310223001299473,"DBN1, GSN, RUFY3, EVL, ARHGAP12","ACTN1, DLG1"
"184","GO:0022011","myelination in peripheral nervous system",6.20687762941284,4,0.005,0.0164958406075701,0.0396476535253516,"NF1, ARHGEF10, PARD3",""
"185","GO:1900034","regulation of cellular response to heat",2.89654289372599,1,0.005,0.0166672855879929,0.0166672855879929,"ATM","MAPT, MAPKAPK2"
"186","GO:0050730","regulation of peptidyl-tyrosine phosphorylation",3.62067861715749,10,0.02,0.0169134173581229,0.024025540535411,"APP, EGFR, FYN",""
"187","GO:0086064","cell communication by electrical coupling involved in cardiac conduction",3.94983121871726,3,0.005,0.0173234023292695,0.0188191786468064,"CACNA1C","ATP1A2, PRKACA"
"188","GO:0032060","bleb assembly",8.27583683921712,8,0.005,0.0173517484974558,0.025280506656745,"PMP22","EMP1, MYLK, ANO6"
"189","GO:2001135","regulation of endocytic recycling",4.82757148954332,1,0.005,0.0187111131165157,0.0187111131165157,"RAB11FIP3","ATP9A"
"190","GO:0048013","ephrin receptor signaling pathway",3.13139772294702,10,0.015,0.0188159783105974,0.021028611250979,"FYN, MMP2, PTK2","CRK, ARHGEF7, KALRN, SIPA1L1, ARHGEF28"
"191","GO:0043124","negative regulation of canonical NF-kappaB signal transduction",2.71550896286812,7,0.01,0.0190619877109536,0.0335257318536602,"RORA, TMSB4X","ESR1, PPM1B, TLE1, ADIPOQ, TNIP1, OTUD7B, DAB2IP"
"192","GO:1901888","regulation of cell junction assembly",8.68962868117798,3,0.005,0.0196111895219746,0.0386704649674465,"RAP1A, RAP1B","RAPGEF2"
"193","GO:0071320","cellular response to cAMP",3.73747470158193,1,0.005,0.0200199928225188,0.0200199928225188,"AHR, IGFBP5, PKD2, RAP1A, RAP1B, EZR","RAPGEF2, AKAP9"
"194","GO:0035385","Roundabout signaling pathway",8.68962868117798,1,0.005,0.0202410720913039,0.0202410720913039,"MYO9B, ROBO1, SLIT2",""
"195","GO:0001678","intracellular glucose homeostasis",1.81033930857875,1,0.005,0.020480961110795,0.020480961110795,"PIK3R1","FOXO1"
"196","GO:0002042","cell migration involved in sprouting angiogenesis",7.24135723431498,2,0.005,0.020480961110795,0.0217255256812741,"NR4A1, ROBO1, SLIT2","FGF2, GPLD1, VEGFA, NRP1, MIA3"
"197","GO:0006103","2-oxoglutarate metabolic process",5.1723980245107,1,0.005,0.0207872248684539,0.0207872248684539,"OGDH","IDH1, L2HGDH, GPT2, ADHFE1"
"198","GO:0046328","regulation of JNK cascade",4.13791841960856,8,0.005,0.0207872248684539,0.0265926245197081,"EGFR, IGF1R, PHLPP1","MDFIC"
"199","GO:0051480","regulation of cytosolic calcium ion concentration",3.01723218096458,7,0.005,0.0222851887353304,0.0469069833742231,"ATP2B1, TRPC1","CAV1, PRKACA, CDH23"
"200","GO:2000601","positive regulation of Arp2/3 complex-mediated actin nucleation",4.82757148954332,2,0.005,0.0227727334372573,0.0227727334372573,"ABI2, CYFIP1",""
"201","GO:0065003","protein-containing complex assembly",2.17240717029449,6,0.005,0.0228032459057386,0.044124973856366,"LAMC1, KMT2A, WIPF1, KIFAP3, PARD3","DMD, FANCC, PEX14, TEAD1, PICALM, PDE4DIP, YAP1, WASF3, PPARGC1A, RBPMS"
"202","GO:0010717","regulation of epithelial to mesenchymal transition",4.45621983650153,3,0.005,0.0229795248505636,0.0251502979450544,"TGFBR1, PHLDB1","QKI, PHLDB2"
"203","GO:0030520","intracellular estrogen receptor signaling pathway",3.62067861715749,6,0.0075,0.0230191273089634,0.0447138093295334,"RBFOX2","ESR1, ESR2, PPARGC1B"
"204","GO:0010881","regulation of cardiac muscle contraction by regulation of the release of sequestered calcium ion",6.03446436192915,3,0.005,0.0230450740068074,0.0250332234815925,"ANK2, CACNA1C","ATP1A2, DMD, PRKACA"
"205","GO:0031623","receptor internalization",3.43011658467552,6,0.005,0.0234453320855308,0.0275364437087623,"LRP1, NEDD4, RALA, ACKR3","CAV1, CD36, ITGB1, PICALM, CALCRL"
"206","GO:0097435","supramolecular fiber organization",5.57027479562691,1,0.005,0.0239574073390606,0.0239574073390606,"COL3A1, COL5A1, CST3, BASP1","MAPT"
"207","GO:0030855","epithelial cell differentiation",1.94959617846942,8,0.005,0.0241072956878516,0.0389482775755936,"ANXA4, CPT1A","ACADVL, AKR1C1, AKR1C2, PPARG, VEGFA"
"208","GO:0016567","protein ubiquitination",1.17201157549607,6,0.005,0.0248597386851577,0.0372086616284843,"NEDD4, FBXL7, BIRC6, RNF213, SPSB1, KLHL13, SPSB4","PDZRN3, MYCBP2, NEDD4L, ARIH1, KLHL24, RNF157, SHPRH"
"209","GO:0045732","positive regulation of protein catabolic process",1.87738891260018,4,0.005,0.024937149697041,0.0473111388734486,"NEDD4, EZR, ATG7","FOXO1, HSP90AA1, SORL1, DAB2IP"
"210","GO:0031503","protein-containing complex localization",5.43101792573624,10,0.005,0.024975600091668,0.040270616888051,"EZR","DLG1, AKAP9"
"211","GO:0032000","positive regulation of fatty acid beta-oxidation",10.8620358514725,6,0.005,0.024975600091668,0.0411653498445704,"","AKT2, ABCD2, PPARA, TWIST1, IRS2, PLIN5"
"212","GO:0099560","synaptic membrane adhesion",5.43101792573624,4,0.01,0.024975600091668,0.0411653498445704,"PTPRD","PTPRF, PTPRS"
"213","GO:0016050","vesicle organization",5.43101792573624,4,0.005,0.024975600091668,0.0411653498445704,"","CAV1, CAV2, SORT1"
"214","GO:0001764","neuron migration",3.34216487737614,1,0.005,0.0256423854811409,0.0256423854811409,"FGFR1, MAP1B, AUTS2, DISC1","FGF13, NTRK2, NRP1, RAPGEF2, SEMA3A"
"215","GO:0045070","positive regulation of viral genome replication",1.7379257362356,3,0.005,0.0264251638242279,0.03022616455386,"SRPK2","PKN2, LARP1"
"216","GO:1902017","regulation of cilium assembly",2.06895920980428,1,0.005,0.027114280514183,0.027114280514183,"EVI5, RAB11FIP3, TBC1D8, TBC1D22A","USP6NL, TBC1D2B"
"217","GO:0007031","peroxisome organization",2.71550896286812,5,0.005,0.0272033270243363,0.0302547663587879,"","PEX14, PEX11A, TMEM135"
"218","GO:1904262","negative regulation of TORC1 signaling",1.56569886147351,8,0.005,0.0273984021799351,0.030307770376969,"ATM","PRKACA, YWHAG, YWHAZ"
"219","GO:0050850","positive regulation of calcium-mediated signaling",2.41378574477166,1,0.005,0.0280128570492301,0.0280128570492301,"APP, PDGFRA, PDGFRB",""
"220","GO:0050821","protein stabilization",1.15506311713,1,0.005,0.0282241514734987,0.0282241514734987,"ANK2, CTNND1, PIK3R1, STK3, AAK1","ATP1B3, HSP90AA1, PTEN, PPARGC1A, CHP1, USP33, PARVA, RTN4"
"221","GO:0021987","cerebral cortex development",3.89919235693884,10,0.005,0.0300571290543786,0.0355756874316943,"COL3A1, NF1, PLCB1, NDE1, FAT4","NTRK2, FOXP2"
"222","GO:0060070","canonical Wnt signaling pathway",2.20389133218282,10,0.01,0.0300714868483003,0.03611528715971,"CTNNB1, LRRK2","CAV1, LRP5, PTEN, TCF7L2, FZD4"
"223","GO:0007159","leukocyte cell-cell adhesion",2.51873295106608,2,0.005,0.0302027222387258,0.0360558844928288,"EZR","ITGB1, TNIP1, F11R"
"224","GO:0070373","negative regulation of ERK1 and ERK2 cascade",3.18619718309859,3,0.005,0.0303890303695103,0.0303890303695103,"FBLN1, EZR, SPRED1, SPRED2","DLG1, DUSP6, ITGB1BP1, ADIPOQ, TNIP1, LMO3, DAB2IP"
"225","GO:0000226","microtubule cytoskeleton organization",1.94959617846942,4,0.005,0.0309893935663234,0.0492583941690701,"EML1, FER, MAP4, DISC1","MAPT, MID1, PHLDB2"
"226","GO:0090303","positive regulation of wound healing",3.34216487737614,9,0.005,0.0311063634542,0.0459140530557734,"ACTG1, PRKCE, PTK2","ANXA1, ITGB1, MYLK"
"227","GO:0032332","positive regulation of chondrocyte differentiation",3.94983121871726,10,0.005,0.0317393999629315,0.0362834430292415,"","SOX5, ZBTB16, SOX6"
"228","GO:0044794","positive regulation by host of viral process",3.94983121871726,4,0.005,0.0317393999629315,0.0339611776515328,"IGF2R","CAV2, PC"
"229","GO:0042752","regulation of circadian rhythm",1.96375789405152,3,0.005,0.0329113162475021,0.0490355767484451,"ATG7, SPSB4","CRY2, PPARA, PPARG, MAPK10, ROCK2, PPARGC1A"
"230","GO:2000134","negative regulation of G1/S transition of mitotic cell cycle",2.81608336890027,10,0.005,0.0329170224503235,0.0345034923729203,"PKD2, KLF4","DLG1, FHL1, PTEN, MYO16, JADE1"
"231","GO:0045860","positive regulation of protein kinase activity",3.53236938259267,1,0.005,0.0330022106226208,0.0330022106226208,"DDR2, PTK2, RAP1A, IQGAP1, LRRK2","MAP3K5, RAPGEF2, MMD, PRKAG2, CACUL1"
"232","GO:0090090","negative regulation of canonical Wnt signaling pathway",2.27179834802039,8,0.005,0.0333532395543243,0.0360509827286705,"CTNND1, GLI3, IGFBP4, IGFBP6, MLLT3, STK3, LIMD1, SOX13, BICC1, KREMEN1, PRICKLE1, SHISA6","CAV1, TCF7L2, JADE1, DAB2IP"
"233","GO:0008543","fibroblast growth factor receptor signaling pathway",3.37930004268032,9,0.005,0.0337422498949294,0.0392993240990333,"FGF7, FGFR1, SETX, FLRT2","FGF2, FGF10, FRS2"
"234","GO:0051592","response to calcium ion",2.80310602618644,4,0.005,0.035692268382358,0.0371286353953691,"ANXA11, ITPR3, NEDD4, PPP3CA, TRPC1","CAV1"
"235","GO:0070555","response to interleukin-1",2.41378574477166,7,0.005,0.0360809357458623,0.0430641511517671,"APP, PRKCA, HDAC4","IRAK2"
"236","GO:0045737","positive regulation of cyclin-dependent protein serine/threonine kinase activity",3.62067861715749,10,0.005,0.0366862400247435,0.0380170568991952,"CCND2, EGFR, CCNY",""
"237","GO:0000381","regulation of alternative mRNA splicing, via spliceosome",2.06895920980428,4,0.005,0.0371683968551889,0.0392096941247438,"NOVA1, NOVA2, RBFOX2","REST, THRAP3, RBPMS"
"238","GO:0035909","aorta morphogenesis",8.0459524825722,3,0.01,0.0373231819300807,0.041322032930223,"JAG1, LRP1, PDGFRB, TGFBR2","ADAMTS9"
"239","GO:0048469","cell maturation",4.82757148954332,3,0.005,0.0373231819300807,0.041322032930223,"AXL","PPARG, VEGFA"
"240","GO:0033622","integrin activation",4.82757148954332,3,0.005,0.0373231819300807,0.041322032930223,"FN1","ITGB1BP1, FERMT2"
"241","GO:0097746","blood vessel diameter maintenance",6.43676198605776,2,0.005,0.0373231819300807,0.041322032930223,"","ADCY6, GCLC, ITGB1BP1, ROCK2"
"242","GO:0061028","establishment of endothelial barrier",4.0229762412861,3,0.01,0.0374026180552301,0.0475099817202196,"RAP1A, RAP1B, EZR, MYADM","RAPGEF2"
"243","GO:0030100","regulation of endocytosis",2.41378574477166,3,0.005,0.0374026180552301,0.0374026180552301,"ABL1, STON2","PICALM"
"244","GO:0007411","axon guidance",3.25122161540673,7,0.005,0.0387967026840965,0.0412750693006834,"FYN, GLI2, OPHN1, PTK2, RPS6KA5, SLIT2, SEMA3C, CNTN4","SOS1, SEMA3A, USP33"
"245","GO:0051289","protein homotetramerization",2.89654289372599,3,0.005,0.0388212517747173,0.0388212517747173,"B2M, DNM1, GLS, PKD2, TRPV1, APPL2","ACACA, ACACB, ME1, SHMT1, APIP"
"246","GO:0045747","positive regulation of Notch signaling pathway",4.29117465737184,2,0.005,0.0389173962591772,0.0415919294976943,"JAG1, IL6ST, ROBO1, AAK1, EPN2, ZMIZ1","ITGB1BP1, TSPAN14"
"247","GO:0090162","establishment of epithelial cell polarity",7.24135723431498,1,0.005,0.0389806629033057,0.0389806629033057,"CYTH1, SIPA1L3, PARD3",""
"248","GO:0016925","protein sumoylation",1.60919049651444,10,0.005,0.0396020849783891,0.0472383842417817,"HDAC4, HDAC7","EYA1, UBA2"
"249","GO:1900153","positive regulation of nuclear-transcribed mRNA catabolic process, deadenylation-dependent decay",2.89654289372599,6,0.005,0.0398397481889473,0.0434809579943743,"ZFP36L2, TNRC6B, AGO2",""
"250","GO:0007219","Notch signaling pathway",3.62067861715749,1,0.005,0.0405436983447319,0.0405436983447319,"ADAM10, JAG1, GMDS, RBPJ, ZNF423","MAML3"
"251","GO:0035278","miRNA-mediated gene silencing by inhibition of translation",0.94968619466426,3,0.005,0.0406638646562929,0.0438948957662105,"LIMD1, TNRC6B, AGO2","TNRC6A"
"252","GO:0043393","regulation of protein binding",5.43101792573624,1,0.005,0.0411653498445704,0.0411653498445704,"HDAC4","CRK, PRKACA"
"253","GO:0045667","regulation of osteoblast differentiation",5.43101792573624,1,0.005,0.0411653498445704,0.0411653498445704,"PTK2","PRKACA, REST"
"254","GO:0010595","positive regulation of endothelial cell migration",4.31940606959139,2,0.005,0.0413531603498375,0.0448716424145408,"ABL1, PRKCA, PRKD1, SASH1, RIN2, SMOC2","ANGPT1, FGF2, GPI, GPLD1, PIK3CB, SPARC, VEGFA, NRP1, ITGB1BP1, ROCK2, BCAS3"
"255","GO:0030307","positive regulation of cell growth",1.99761578877655,3,0.005,0.041474347319721,0.0488976886800606,"ADAM10, EGFR, RPS6KA3, TGFBR1","BCL2, TEAD1, YAP1, SLC25A33"
"256","GO:0045668","negative regulation of osteoblast differentiation",2.77328574931212,4,0.005,0.0417048093251049,0.0476241334713429,"CDK6, LIMD1, HDAC7","LRP5, SMAD6, PPARG, TWIST1, CRIM1, TWIST2"
"257","GO:0061036","positive regulation of cartilage development",3.62067861715749,10,0.005,0.0422000729492623,0.0482353435930196,"","SOX5, ZBTB16, SOX6"
"258","GO:0001937","negative regulation of endothelial cell proliferation",3.10343881470642,3,0.005,0.0422663183464324,0.0483254543295957,"NF1, SULF1","CAV1, CAV2, PTPRM, SPARC"
"259","GO:2001237","negative regulation of extrinsic apoptotic signaling pathway",2.58619901225535,1,0.005,0.0422663183464324,0.0422663183464324,"ITGAV, TGFBR1, BIRC6","TCF7L2, CFLAR"
"260","GO:0001932","regulation of protein phosphorylation",2.31723431498079,5,0.005,0.0427611393400547,0.0495734833977931,"FER, FN1, PTK2","FNIP2"
"261","GO:0043433","negative regulation of DNA-binding transcription factor activity",1.1494217832246,3,0.005,0.0427888775175321,0.0499301352149803,"SP100, HDAC4","ESR1, PEX14, TCF7L2"
"262","GO:0044027","negative regulation of gene expression via chromosomal CpG island methylation",2.63322081247817,10,0.005,0.0438746216747605,0.0480346546085315,"DNMT1, DNMT3A",""
"263","GO:0042274","ribosomal small subunit biogenesis",1.09717533853257,5,0.005,0.0439979582127021,0.0461164834941632,"RPS6, RPS8, RPS24, RPS28","RCL1"
"264","GO:1903076","regulation of protein localization to plasma membrane",2.41378574477166,1,0.005,0.0462551631721704,0.0462551631721704,"ACTB","SPTBN1, STX7"
"265","GO:0046889","positive regulation of lipid biosynthetic process",5.57027479562691,10,0.005,0.0475641876529784,0.0492879751501892,"ZBTB20","PCK1, PPARA, SORBS1, MLXIPL"
"266","GO:0097009","energy homeostasis",2.99642368316482,1,0.005,0.0488353138338306,0.0488353138338306,"","CD36, FOXO1, TWIST1, PPARGC1A, TSKU, MLXIPL"
"267","GO:0001774","microglial cell activation",2.89654289372599,2,0.005,0.0493444082453472,0.0493444082453472,"APP","IFNGR1, MAPT"
